<?xml version="1.0" encoding="UTF-8"?>
<project-private xmlns="http://www.netbeans.org/ns/project-private/1">
    <editor-bookmarks xmlns="http://www.netbeans.org/ns/editor-bookmarks/2" lastBookmarkId="0"/>
    <open-files xmlns="http://www.netbeans.org/ns/projectui-open-files/2">
        <group>
            <file>file:/C:/Users/PRAGADEESHWAR/Documents/NetBeansProjects/Project/src/project/updatePost.java</file>
            <file>file:/C:/Users/PRAGADEESHWAR/Documents/NetBeansProjects/Project/src/project/placeBid.java</file>
            <file>file:/C:/Users/PRAGADEESHWAR/Documents/NetBeansProjects/Project/src/project/viewPost.java</file>
            <file>file:/C:/Users/PRAGADEESHWAR/Documents/NetBeansProjects/Project/src/project/first.java</file>
            <file>file:/C:/Users/PRAGADEESHWAR/Documents/NetBeansProjects/Project/src/project/Project.java</file>
            <file>file:/C:/Users/PRAGADEESHWAR/Documents/NetBeansProjects/Project/src/project/listingFrame.java</file>
            <file>file:/C:/Users/PRAGADEESHWAR/Documents/NetBeansProjects/Project/src/project/newPost.java</file>
        </group>
    </open-files>
</project-private>
